,Type,Absolute,Percentage
0,Non-deadly events,3171.0,31.155433287482808
1,Deadly events,7007.0,68.84456671251719
